{"res_id": 98, "response": "สามารถติดต่อคณะโดยเรียนคำร้อง แต่ครั้งหน้าลงให้เร็วกว่านี้สิ"} 
{"res_id": 98, "response": "สามารถติดต่อคณะโดยเรียนคำร้อง แต่ครั้งหน้าลงให้เร็วกว่านี้สิ"} 
{"res_id": 98, "response": "สามารถติดต่อคณะโดยเรียนคำร้อง แต่ครั้งหน้าลงให้เร็วกว่านี้สิ"} 
{"res_id": 98, "response": "สามารถติดต่อคณะโดยเรียนคำร้อง แต่ครั้งหน้าลงให้เร็วกว่านี้สิ"} 
{"res_id": 98, "response": "สามารถติดต่อคณะโดยเรียนคำร้อง แต่ครั้งหน้าลงให้เร็วกว่านี้สิ"} 
{"res_id": 98, "response": "สามารถติดต่อคณะโดยเรียนคำร้อง แต่ครั้งหน้าลงให้เร็วกว่านี้สิ"} 
{"res_id": 98, "response": "สามารถติดต่อคณะโดยเรียนคำร้อง แต่ครั้งหน้าลงให้เร็วกว่านี้สิ"} 
{"res_id": 98, "response": "สามารถติดต่อคณะโดยเรียนคำร้อง แต่ครั้งหน้าลงให้เร็วกว่านี้สิ"} 
{"res_id": 98, "response": "สามารถติดต่อคณะโดยเรียนคำร้อง แต่ครั้งหน้าลงให้เร็วกว่านี้สิ"} 
{"res_id": 98, "response": "สามารถติดต่อคณะโดยเรียนคำร้อง แต่ครั้งหน้าลงให้เร็วกว่านี้สิ"} 
